{
  "assetsByChunkName": {
    "vendors~app-account~app-confirmation~app-order": "chunk.03da36a0ea6405a4f21d.js",
    "vendors~app-account~app-checkout": "chunk.7256a0126cfa44617834.js",
    "vendors~app-cart~app-checkout": "chunk.f48846c15aaedee110d5.js",
    "admin": [
      "admin.091daf8e1f5bbcc020de.js",
      "admin.091daf8e1f5bbcc020de.js.map"
    ],
    "app-account": "chunk.d76250024d597f8a8531.js",
    "app-checkout": "chunk.96965aa66854d796bd4f.js",
    "app-confirmation": "chunk.fc40146bf1f278c3f7fd.js",
    "checkout": [
      "checkout.0699fd77b9a9c7a288e5.js",
      "checkout.0699fd77b9a9c7a288e5.js.map"
    ],
    "storefront": [
      "storefront.79807cbb74e4d84ae1a4.css",
      "storefront.fb497a0e385198a22f22.js",
      "storefront.79807cbb74e4d84ae1a4.css.map",
      "storefront.fb497a0e385198a22f22.js.map"
    ],
    "vendors~app-cart": "chunk.3507f8b5005d5ddddef3.js",
    "vendors~app-order": "chunk.e38ea9fea3b0793dd0d0.js"
  }
}