{
  "title": "Formas de pagamento",
  "meta_title": "Formas de pagamento - L﻿yndsen store - Moda Feminina - Fabricação Própria",
  "meta_description": "Formas de pagamento - L﻿yndsen store - Moda Feminina - Fabricação Própria",
  "body": "Parcele suas compras em até 3x sem juros no cartão , para pedidos acima de **R$300**.\n\nAceitamos Boleto | Pix ou Depósito Bancário.\n\nEscolha a melhor forma de pagamento no final de sua compra.",
  "sections": [
    {
      "type": "breadcrumbs",
      "enabled": true
    },
    {
      "type": "page-title"
    },
    {
      "type": "extra-page",
      "enabled": true
    },
    {
      "type": "collection-shelf",
      "shuffle": false,
      "limit": 12,
      "page": 1,
      "sort": "news",
      "title": "Destaques da Loja "
    }
  ]
}