{
  "description": {
    "title": "",
    "text": ""
  },
  "links_1": {
    "list_pages": true,
    "title": "Informações",
    "list": [
      {
        "text": "Lyndsen Store",
        "url": "https://lyndsenstore.com.br/pages/sobre-nos"
      },
      {
        "text": "Como Comprar",
        "url": "https://lyndsenstore.com.br/pages/faq"
      },
      {
        "text": "Meios de Pagamento",
        "url": "https://lyndsenstore.com.br/pages/pagamentos"
      },
      {
        "text": "Formas de Entrega",
        "url": "https://lyndsenstore.com.br/pages/entrega"
      },
      {
        "text": "Segurança & Privacidade",
        "url": "https://lyndsenstore.com.br/pages/privacidade"
      },
      {
        "text": "Trocas & Devolução",
        "url": "https://lyndsenstore.com.br/pages/trocas"
      }
    ]
  },
  "links_2": {
    "list_categories": false,
    "title": "Categorias",
    "list": []
  },
  "contacts": {
    "title": "Contatos",
    "phone_wpp": true,
    "socials": true,
    "email": true,
    "address": true
  },
  "stamps": [
    {
      "src": "/img/uploads/seguranca.png",
      "alt": "Secure connection",
      "width": 150,
      "height": 62
    }
  ],
  "payment_methods": {
    "pix": true,
    "visa": true,
    "mastercard": true,
    "elo": false,
    "amex": false,
    "hipercard": false,
    "boleto": false
  },
  "credits": ""
}