{
  "categories_list": {
    "featured": [],
    "random": 6,
    "full_width": true
  },
  "menu_all_departments": false,
  "centralized_logo": true,
  "marketing_stripe": {
    "text": "Use o cupom: PRIMEIRACOMPRA e ganhe 5% em sua primeira compra ",
    "link": "",
    "background": "#d0b17a",
    "color": "#ffffff"
  },
  "alphabetical_order_submenu": true,
  "name_all_departments": "Ver toda loja",
  "search_input": true,
  "desktop_megamenu": true,
  "full_width_submenu": false,
  "contacts_stripe": {
    "pages": [
      {
        "title": "Meus Pedidos",
        "link": "https://lyndsenstore.com.br/app/#/account/orders"
      },
      {
        "title": "Como Comprar",
        "link": "https://lyndsenstore.com.br/pages/faq"
      }
    ],
    "phone_wpp": true,
    "socials": true
  }
}