{
  "meta_title": "",
  "meta_description": "",
  "sections": [
    {
      "type": "banner-slider",
      "autoplay": 9000,
      "full_width": true,
      "slides": [
        {
          "start": "",
          "end": "",
          "img": "/img/uploads/atacado.jpg",
          "mobile_img": "/img/uploads/atacado-m.jpg"
        },
        {
          "start": "",
          "end": "",
          "img": "/img/uploads/vestido.jpg",
          "mobile_img": "/img/uploads/vestido-m.jpg",
          "link": "https://lyndsenstore.netlify.app/vestidos"
        },
        {
          "start": "",
          "end": "",
          "img": "/img/uploads/croppeds.jpg",
          "link": "https://lyndsenstore.netlify.app/cropped",
          "mobile_img": "/img/uploads/croppeds-m.jpg"
        }
      ]
    },
    {
      "type": "collection-shelf",
      "shuffle": false,
      "limit": 12,
      "page": 1,
      "sort": "news",
      "title": "Fabricação Própria"
    },
    {
      "page": 1,
      "title": "Vestidos ",
      "shuffle": true,
      "headless": false,
      "type": "collection-shelf",
      "link": "https://lyndsenstore.netlify.app/vestidos",
      "limit": 12,
      "collection_id": "663117635a315b1fdd9cf6d7:categories:Vestidos:/vestidos",
      "sort": "news"
    },
    {
      "type": "collection-shelf",
      "shuffle": false,
      "limit": 12,
      "page": 1,
      "collection_id": "663117445a315b1fdd9cf6b5:categories:Cropped:/cropped",
      "sort": "news",
      "title": "Cropped",
      "link": "https://lyndsenstore.netlify.app/cropped"
    },
    {
      "type": "info-bar",
      "enabled": true
    }
  ]
}