{
  "shipping": {
    "show": true,
    "text": "Entregamos para todo o Brasil",
    "link": "https://lyndsenstore.com.br/pages/entrega"
  },
  "installments": {
    "show": true,
    "text": "Parcele em até 3x sem juros",
    "link": "https://lyndsenstore.com.br/pages/pagamentos",
    "title": "Pedido Mìnimo R$300 "
  },
  "exchange": {
    "show": false,
    "text": "Não gostou? A primeira troca é gratuita"
  },
  "promo": {
    "show": false,
    "text": "Diferentes promoções ao longo do ano!"
  }
}